band,wavelength_nm,mean,std,p1,median,p99,pct_negative_dn,pct_above_10000_dn
B2,490,0.1242,0.1909,0.0,0.0474,0.8241,0.0,0.2228
B3,560,0.145,0.1838,0.0,0.0732,0.8263,0.0,0.2339
B4,665,0.1496,0.1921,0.0,0.0749,0.8494,0.0,0.3001
B5,705,0.1834,0.1798,0.0064,0.1186,0.8474,0.0,0.2935
B6,740,0.2847,0.1639,0.0298,0.247,0.8711,0.0,0.346
B7,783,0.3216,0.165,0.0365,0.2888,0.8814,0.0,0.3744
B8,842,0.3312,0.1662,0.0334,0.3019,0.881,0.0,0.3644
B8A,865,0.3482,0.1638,0.0397,0.3214,0.8889,0.0,0.3996
B11,1610,0.2556,0.1341,0.0218,0.2246,0.6856,0.0962,0.0151
B12,2190,0.1716,0.119,0.0111,0.1347,0.5508,0.0,0.0001
