round,logloss,error
1,2.16116580786567,0.2566981544357414
2,1.9345392247634836,0.23014085453995362
3,1.7717157431392905,0.21524859649712577
4,1.6423572098607315,0.2130298853665916
5,1.5313272833559666,0.208525229434901
6,1.4441420387595778,0.2078192758933674
7,1.3656097596948493,0.20260866642014322
8,1.2952010263798597,0.20042357212492015
9,1.2336355470290972,0.20012102060712006
10,1.1816387500615306,0.19998655326587556
11,1.1332613118805637,0.1998857027599422
12,1.0882652717630181,0.19894443137123072
13,1.0493409184302371,0.197666991629408
14,1.0128458286047455,0.19689380441725216
15,0.9811255022451113,0.1965240192288298
16,0.9517596086075347,0.19672572024069654
17,0.9239023006671288,0.1956499815107406
18,0.8999927031101008,0.19588529935791846
19,0.8753017493572404,0.19528019632231822
20,0.8547376162671929,0.19477594379265137
21,0.8369386143849413,0.19417084075705113
22,0.820863880119394,0.19447339227485125
23,0.8078802323035401,0.19433892493360674
24,0.7922891697472503,0.19353212088613977
25,0.7802586585849831,0.19346488721551752
26,0.7678417095251815,0.1925572326621172
27,0.7577730722553322,0.19121255924967223
28,0.7467025562261246,0.19077554039062763
29,0.7394091862908779,0.19077554039062763
30,0.7296755611241549,0.19047298887282751
31,0.7231396097459064,0.190338521531583
32,0.7157809139710657,0.19043937203751637
33,0.7096180254478591,0.18956533431942718
34,0.7037050590832286,0.18953171748411604
35,0.7001856179195909,0.18929639963693817
36,0.6955437713622672,0.18768279154200423
37,0.6911783436886899,0.18761555787138198
38,0.688492317867116,0.187077688506404
39,0.6846491276615372,0.1865062023061149
40,0.6831994392333447,0.18637173496487042
41,0.6793690208546274,0.18580024876458132
42,0.6757717855617439,0.18502706155242546
43,0.6750323018063205,0.1852287625642922
44,0.6736079043806016,0.18519514572898108
45,0.6717349348251211,0.18455642585806972
46,0.6719295186849006,0.1846572763640031
47,0.6705236661759453,0.18415302383433624
48,0.6690618011021393,0.18378323864591387
49,0.6692443548103061,0.18327898611624702
50,0.6689802888667747,0.183547920798736
51,0.6681751643602147,0.1832453692809359
52,0.6674685235520567,0.18337983662218038
53,0.6679108678054723,0.18284196725720242
54,0.6663978110348474,0.18280835042189128
55,0.6679492813888535,0.18247218206878005
56,0.6677994982104756,0.18270749991595792
57,0.6680963329458823,0.18304366826906915
58,0.6673518558952549,0.1825730325747134
59,0.6677902072260162,0.1825730325747134
60,0.6694422394611939,0.18284196725720242
61,0.6691665346259125,0.1829764345984469
62,0.6709769696401457,0.1824385652334689
63,0.671505227015615,0.18230409789222443
64,0.6731623122918489,0.18247218206878005
65,0.6741599982576629,0.1824049483981578
66,0.6759163381453142,0.18280835042189128
67,0.6791569374602017,0.1831445187750025
68,0.6807688226342017,0.18247218206878005
69,0.6831315265327941,0.1822704810569133
70,0.6840507124555446,0.18284196725720242
71,0.683901449372665,0.18294281776313578
72,0.6854445112758359,0.18294281776313578
73,0.6861300078741844,0.18294281776313578
74,0.6874351558867142,0.1831109019396914
75,0.6879177759634902,0.18260664941002455
76,0.6876502390243746,0.18307728510438026
77,0.6887910726115556,0.18301005143375804
78,0.6892374248162929,0.1829764345984469
79,0.6895851151251079,0.1825394157394023
80,0.6904578769643703,0.18233771472753554
81,0.6931627251640475,0.18223686422160218
82,0.6951248584791127,0.18284196725720242
83,0.6982173014831007,0.18327898611624702
84,0.6986396384553132,0.18290920092782464
85,0.6997169530521175,0.18290920092782464
86,0.7011130893474001,0.18321175244562476
87,0.7010825100542519,0.18348068712811377
88,0.7017518008105674,0.18321175244562476
89,0.7026093733207986,0.18284196725720242
90,0.7035550017975026,0.18284196725720242
91,0.7041273803536257,0.1825394157394023
92,0.7051156522747474,0.1825730325747134
93,0.7068837177360434,0.18216963055097993
94,0.7076121020026191,0.18223686422160218
95,0.7100826583983257,0.18247218206878005
96,0.7121682505584308,0.18247218206878005
97,0.7144824611280118,0.18260664941002455
98,0.7181499543385318,0.1829764345984469
99,0.7182652782823178,0.18294281776313578
100,0.7188671756960301,0.1831109019396914
101,0.7211799302213784,0.18307728510438026
102,0.7216824223505591,0.1832453692809359
103,0.7227321696262899,0.18341345345749152
104,0.7229293142069209,0.18317813561031365
105,0.72565311605486,0.18341345345749152
106,0.7271493252615483,0.18327898611624702
107,0.7288618339075684,0.18334621978686927
108,0.7294857855154419,0.18331260295155813
109,0.7321418183151402,0.18331260295155813
110,0.7326782404210137,0.18331260295155813
111,0.7314331192893186,0.18301005143375804
112,0.7328770478117832,0.18301005143375804
113,0.7335015351349519,0.1831109019396914
114,0.7352535277064566,0.1831109019396914
115,0.7378109687372045,0.18307728510438026
116,0.7399628356591398,0.1832453692809359
117,0.741195553840318,0.18321175244562476
118,0.7425030499186837,0.18331260295155813
119,0.7425709687112212,0.18294281776313578
120,0.7443574814712378,0.18344707029280263
121,0.7451287104530786,0.18317813561031365
122,0.7476788154680318,0.18348068712811377
123,0.7478564611342727,0.18351430396342489
124,0.7489815196147149,0.18348068712811377
125,0.7490007487359251,0.18317813561031365
126,0.7502741515447262,0.18334621978686927
127,0.751467056737242,0.18327898611624702
128,0.7538779996181653,0.18307728510438026
129,0.7550050432186527,0.1832453692809359
130,0.755067380742778,0.18317813561031365
131,0.75625796799925,0.1831109019396914
132,0.7591474988699524,0.18358153763404714
133,0.7604387063225349,0.18348068712811377
