round,error,logloss
1,0.3097119037213837,1.9178872525923496
2,0.2456718324536928,1.653751312121765
3,0.22919958315124214,1.4705800237267463
4,0.22170302887686152,1.333292843566671
5,0.219114532557905,1.2265145268623638
6,0.2154166806736814,1.1360625160607802
7,0.21380307257874745,1.0630272960535108
8,0.21104649208323528,0.9998386612358742
9,0.20876054728207888,0.9500851107350602
10,0.2072477896930783,0.9107649127897579
11,0.20560056476283323,0.8774823979720824
12,0.20371802198541028,0.8494555299942477
13,0.20129760984300937,0.8246221160133458
14,0.2016001613608095,0.8072717579596782
15,0.20015463744243117,0.7901007701268445
16,0.1990788987124752,0.7782472316962458
17,0.19642316872289642,0.7622779573113668
18,0.19420445759236227,0.7487567356894225
19,0.19279255050929506,0.7384091294259433
20,0.19151511076747235,0.7334088446563312
21,0.19067468988469424,0.727176826324201
22,0.1893300164722493,0.7217297916053719
23,0.18852321242478234,0.7124416501587306
24,0.18741385685951525,0.7072742674105835
25,0.1867751369886039,0.7064394161009734
26,0.1866742864826705,0.7075840697310993
27,0.18556493091740345,0.6987732308941323
28,0.18455642585806972,0.6974065244702387
29,0.18462365952869197,0.6961683124131346
30,0.1849262110464921,0.6999327241168585
31,0.18489259421118096,0.6982753674992698
32,0.18391770598715837,0.6947342192703441
33,0.18391770598715837,0.6931527290267927
34,0.183547920798736,0.695488832400551
35,0.18344707029280263,0.6966023425764103
36,0.18398493965778062,0.6981184337675405
37,0.1841194069990251,0.7034452658795104
38,0.18337983662218038,0.7033894833599634
39,0.18317813561031365,0.7058486997875021
40,0.18294281776313578,0.7052085896323408
41,0.18264026624533566,0.7048736750149377
42,0.1831445187750025,0.7137869551405698
43,0.1822704810569133,0.7154718917398286
44,0.1819679295391132,0.7198186213784677
45,0.18233771472753554,0.7241112645638369
46,0.1818670790331798,0.7254128889271864
47,0.18290920092782464,0.731720533048447
48,0.1831445187750025,0.7343455356601125
49,0.18327898611624702,0.7379545353683146
50,0.18287558409251353,0.7379466215434612
51,0.18337983662218038,0.7391307589964151
52,0.18327898611624702,0.7404362162541823
53,0.18358153763404714,0.7451641487839212
54,0.18317813561031365,0.7451910716964567
55,0.18344707029280263,0.7497608689313926
56,0.183547920798736,0.7546138719056639
57,0.18294281776313578,0.7574424715751179
58,0.1832453692809359,0.7609333081109197
59,0.1832453692809359,0.7633239578475347
60,0.18374962181060275,0.764594194962455
61,0.18395132282246948,0.7682241498594712
62,0.1832453692809359,0.7693554676799429
63,0.18378323864591387,0.7700332066930585
64,0.18405217332840287,0.7713202712329753
65,0.18395132282246948,0.7728963963385739
66,0.18418664066964735,0.7736012633573462
67,0.18485897737586984,0.7775190327389107
68,0.18580024876458132,0.7771459276184709
69,0.18590109927051468,0.780549780576352
70,0.18516152889366996,0.7809946394392508
71,0.18529599623491444,0.7853812083315467
72,0.18529599623491444,0.7864875551983723
73,0.18573301509395906,0.7906216435079099
74,0.18653981914142603,0.7935406914941417
75,0.18674152015329276,0.7931662631806706
76,0.1862372676236259,0.793284720668246
77,0.18580024876458132,0.7955218325037725
78,0.1860691834470703,0.797134124004688
79,0.1866406696473594,0.7998563779873386
80,0.18643896863549264,0.8008299475539538
81,0.18640535180018153,0.7991730095298235
82,0.18741385685951525,0.8008948954551257
83,0.18724577268295964,0.8021419894301847
84,0.1862036507883148,0.8006068546448345
85,0.18627088445893702,0.8022842039098027
86,0.18580024876458132,0.8042578117093717
87,0.18563216458802567,0.8075897120457879
88,0.18731300635358186,0.81454463560777
89,0.18660705281204829,0.8146719046487441
90,0.18657343597673715,0.8161835167240662
91,0.18701045483578177,0.8179039275835369
92,0.18751470736544862,0.8186127543422355
93,0.18690960432984838,0.8196230616336033
94,0.186808753823915,0.8222520939510004
95,0.18637173496487042,0.8245051645095578
96,0.18613641711769255,0.8261043746725438
