feature,importance
B2_t00,0.0012157650764562232
B3_t00,0.0018246754939809237
B4_t00,0.0009445858323634313
B5_t00,0.0018731291288934316
B6_t00,0.0004656791966490771
B7_t00,0.000611650963756004
B8_t00,0.0005909620677852892
B8A_t00,0.0006079430232486855
B11_t00,0.0023220240275417963
B12_t00,0.0022205083965110227
B2_t01,0.0006924177537581829
B3_t01,0.0010248805472028264
B4_t01,0.0013082851040110736
B5_t01,0.0011339240744837483
B6_t01,0.0015538375415449146
B7_t01,0.0007566511367513702
B8_t01,0.0007229362601802285
B8A_t01,0.0006557611997386456
B11_t01,0.0015771430310011227
B12_t01,0.0020292175934017442
B2_t02,0.0008618688371806064
B3_t02,0.0009843637960368855
B4_t02,0.0012033387486348544
B5_t02,0.0013119678230613923
B6_t02,0.0014550310550680828
B7_t02,0.0014087727019977524
B8_t02,0.0010138135624230963
B8A_t02,0.0009522787761426553
B11_t02,0.0010605669804858071
B12_t02,0.001547656207300203
B2_t03,0.00017901104108389434
B3_t03,0.00019501607673064368
B4_t03,0.00020455058453494628
B5_t03,0.00029750493520755704
B6_t03,0.0004512354921937337
B7_t03,0.00031094996521846037
B8_t03,0.00020442333706408372
B8A_t03,0.00029380949796943404
B11_t03,0.00023007570653721255
B12_t03,0.00021055104422435287
B2_t04,0.000989804612443866
B3_t04,0.0007187460441011901
B4_t04,0.0007498863702301876
B5_t04,0.000847391350538278
B6_t04,0.0024339742107244056
B7_t04,0.002009505843876943
B8_t04,0.0010428050638781217
B8A_t04,0.000964031113489469
B11_t04,0.0014212383071141538
B12_t04,0.0011408420103533028
B2_t05,0.0005729159252420783
B3_t05,0.00046461146325408356
B4_t05,0.0006579435461116529
B5_t05,0.0004761833065252076
B6_t05,0.0018363192630135167
B7_t05,0.002421585856533242
B8_t05,0.0011091596747156175
B8A_t05,0.0009732732423764559
B11_t05,0.0006481081208653841
B12_t05,0.000758994904063004
B2_t06,0.0008570719725087143
B3_t06,0.0009772839612332885
B4_t06,0.00114609947481293
B5_t06,0.0012321303425480018
B6_t06,0.0011162891487706448
B7_t06,0.001054628992742117
B8_t06,0.0009375256416708198
B8A_t06,0.0010371978574515203
B11_t06,0.0009649915593933135
B12_t06,0.0006292744306719373
B2_t07,0.0011583730852617025
B3_t07,0.0011307831146009826
B4_t07,0.0012812623446569057
B5_t07,0.001306469811683225
B6_t07,0.0015899894722927297
B7_t07,0.0017688135520769574
B8_t07,0.00172218654796409
B8A_t07,0.0018392799506377255
B11_t07,0.0014341691265002232
B12_t07,0.001884064697985419
B2_t08,0.001408477986414555
B3_t08,0.001449243698599254
B4_t08,0.0011999403154557306
B5_t08,0.0015451366020001126
B6_t08,0.0013957607231686658
B7_t08,0.001432310508791885
B8_t08,0.0015373182099629394
B8A_t08,0.0017323271273516105
B11_t08,0.001508609505448878
B12_t08,0.0015451283993249928
B2_t09,0.0007637919521998042
B3_t09,0.0007335640907016991
B4_t09,0.0010928426719810436
B5_t09,0.0006534752390716307
B6_t09,0.0007079906899303808
B7_t09,0.000599517016180156
B8_t09,0.0005171589157382199
B8A_t09,0.0007445577646640591
B11_t09,0.0007387650127823801
B12_t09,0.0008007152495572781
B2_t10,0.0006429703143049399
B3_t10,0.0007368268441642041
B4_t10,0.0008214347705899306
B5_t10,0.000814926208371859
B6_t10,0.0006675472260481861
B7_t10,0.0010300752840924669
B8_t10,0.0008466967097898282
B8A_t10,0.000764390622406719
B11_t10,0.0009604349084003365
B12_t10,0.0008711076149748795
B2_t11,0.00014655692616322293
B3_t11,0.0001813155985804477
B4_t11,0.00020451889126034013
B5_t11,0.0002249222617500277
B6_t11,0.0010550761120498681
B7_t11,0.000565341134579109
B8_t11,0.0008812252573494932
B8A_t11,0.000860768628226369
B11_t11,0.000549887444560073
B12_t11,0.0005454190959658765
B2_t12,0.0006908444961415325
B3_t12,0.0008788407317857809
B4_t12,0.0008866541320671911
B5_t12,0.0012828074402448247
B6_t12,0.0011072665003412335
B7_t12,0.0009522545686836246
B8_t12,0.0010275874490868254
B8A_t12,0.0013026459837402196
B11_t12,0.0015028295257930987
B12_t12,0.0012952567825951285
B2_t13,0.000596773993215723
B3_t13,0.0005480355560872266
B4_t13,0.0005284360892798177
B5_t13,0.000556678877198601
B6_t13,0.0005578076208715212
B7_t13,0.00043162624787922
B8_t13,0.000455212443649334
B8A_t13,0.0005016805942555805
B11_t13,0.00038671312361119524
B12_t13,0.0005522472110146637
B2_t14,0.00030477751757060747
B3_t14,0.0006335965378657229
B4_t14,0.00031996368188161035
B5_t14,0.000556911664894457
B6_t14,0.001176453898415356
B7_t14,0.0013282890733221809
B8_t14,0.0008050201509794889
B8A_t14,0.0010436699856421375
B11_t14,0.00042608319944442626
B12_t14,0.0004777643060209911
B2_t15,0.00026348818722880904
B3_t15,0.00038375906200625756
B4_t15,0.00033548354155341753
B5_t15,0.0004366484533613057
B6_t15,0.0006140663189855649
B7_t15,0.0005615035163270918
B8_t15,0.0005381929786945054
B8A_t15,0.000641088714144577
B11_t15,0.0004433138340110908
B12_t15,0.0004295700690522616
B2_t16,0.0002865407468644604
B3_t16,0.0005656166606818944
B4_t16,0.00023709787236285694
B5_t16,0.0004765778404524309
B6_t16,0.0011642449732327904
B7_t16,0.0010513939479702783
B8_t16,0.0005106915580935179
B8A_t16,0.000834895204305248
B11_t16,0.0004380517270540732
B12_t16,0.0006017885488571663
B2_t17,0.0010633808511944988
B3_t17,0.0010900516884531902
B4_t17,0.000897062118568458
B5_t17,0.0012320570821625048
B6_t17,0.0013122145236555075
B7_t17,0.0011266006436687495
B8_t17,0.0011085586760539881
B8A_t17,0.0008516921419266316
B11_t17,0.0008586613977673589
B12_t17,0.0006487976614396992
B2_t18,0.0012262697468783485
B3_t18,0.0008441054256964619
B4_t18,0.001923944935743978
B5_t18,0.0010902662188831177
B6_t18,0.003958209271516667
B7_t18,0.003329476942193661
B8_t18,0.0029932601148023276
B8A_t18,0.0027488528657859113
B11_t18,0.0006264369728135457
B12_t18,0.0012406749361239832
B2_t19,0.0006866595630278279
B3_t19,0.0006148812525262055
B4_t19,0.0016998667943183999
B5_t19,0.0010103002984953918
B6_t19,0.004664670448703511
B7_t19,0.0037329586333105878
B8_t19,0.002742745427140853
B8A_t19,0.0031554070288955893
B11_t19,0.0009310380541511257
B12_t19,0.0014622083431009424
B2_t20,0.0005835453199852284
B3_t20,0.000754931831173985
B4_t20,0.000551156328226031
B5_t20,0.0007321510565066891
B6_t20,0.000502612128469008
B7_t20,0.0006143756239051026
B8_t20,0.0005811234927360852
B8A_t20,0.0005903417304915676
B11_t20,0.000550846364895532
B12_t20,0.0006021441893416854
B2_t21,0.0012495507423784798
B3_t21,0.0034045327917513767
B4_t21,0.0020805095658474183
B5_t21,0.0034127182038106675
B6_t21,0.007469678382856012
B7_t21,0.0026698053647657136
B8_t21,0.002386919548162874
B8A_t21,0.00246225628153037
B11_t21,0.002707075555489597
B12_t21,0.0017624456701562225
B2_t22,0.0006518806061316467
B3_t22,0.0007856844369901502
B4_t22,0.0006144722163741245
B5_t22,0.0008156117891327377
B6_t22,0.0006328957721555324
B7_t22,0.0004978909340266299
B8_t22,0.000595134611545166
B8A_t22,0.00047868664134663013
B11_t22,0.0005587188421738583
B12_t22,0.0005171329485602682
B2_t23,0.002610154466077805
B3_t23,0.005076493101314535
B4_t23,0.004229791715868007
B5_t23,0.005738990877650397
B6_t23,0.004932891092489391
B7_t23,0.0013243085423076258
B8_t23,0.0008852988210552594
B8A_t23,0.0015335672220740052
B11_t23,0.0036064693265059826
B12_t23,0.0028071409776137036
B2_t24,0.006319096353079436
B3_t24,0.007520889610951399
B4_t24,0.005111484796590408
B5_t24,0.009363719423412293
B6_t24,0.00785415354408554
B7_t24,0.0017023977476453395
B8_t24,0.0012799152290691078
B8A_t24,0.0014159474321332644
B11_t24,0.0070058318017090756
B12_t24,0.004421240380899724
B2_t25,0.008393862862524323
B3_t25,0.010264901714235782
B4_t25,0.00877129667749264
B5_t25,0.007832882614383729
B6_t25,0.00675173254631224
B7_t25,0.0021371432025325283
B8_t25,0.001245096468889741
B8A_t25,0.0015167597820358797
B11_t25,0.004546156042913923
B12_t25,0.004568050378107123
B2_t26,0.0009987585435397323
B3_t26,0.001093113980342404
B4_t26,0.0007969604447129682
B5_t26,0.0009881264527743046
B6_t26,0.0008053828726927477
B7_t26,0.0005299809882316104
B8_t26,0.00046385751743745126
B8A_t26,0.0005344300275669911
B11_t26,0.000758834035379548
B12_t26,0.0007567129104884765
B2_t27,0.0010561567726275346
B3_t27,0.0010987316026133344
B4_t27,0.0012467482322739592
B5_t27,0.0012398299427982809
B6_t27,0.001150605810887112
B7_t27,0.0012380813056693796
B8_t27,0.0011703892003695412
B8A_t27,0.0010134153048287397
B11_t27,0.0007870424548907825
B12_t27,0.0009367762949115819
B2_t28,0.0031632716508388143
B3_t28,0.004961111029795827
B4_t28,0.006152463770709208
B5_t28,0.007670394781383328
B6_t28,0.006836215524995321
B7_t28,0.004708875414347571
B8_t28,0.004510688056044084
B8A_t28,0.004624555319418919
B11_t28,0.005851004475427185
B12_t28,0.0033041898427536077
B2_t29,0.0008315250651847614
B3_t29,0.0012396748843734487
B4_t29,0.0016522156770956834
B5_t29,0.0012838758705791143
B6_t29,0.0018107356166205115
B7_t29,0.002679477851750539
B8_t29,0.00215453443330203
B8A_t29,0.002161110100378712
B11_t29,0.002105747225308019
B12_t29,0.0019064677489788186
B2_t30,0.0014157759327298686
B3_t30,0.0021625352739068045
B4_t30,0.0037091233209348845
B5_t30,0.0024888579811970547
B6_t30,0.004190454286563834
B7_t30,0.002673713892391591
B8_t30,0.00228928848656762
B8A_t30,0.0029480492140260784
B11_t30,0.0028370363379296363
B12_t30,0.0022117672106991525
B2_t31,0.004943154676196765
B3_t31,0.008563287982310944
B4_t31,0.010125096606191047
B5_t31,0.009763507151548967
B6_t31,0.00813782200952717
B7_t31,0.006606159814583961
B8_t31,0.00570495662939422
B8A_t31,0.0051288579682254865
B11_t31,0.009219613993067139
B12_t31,0.006278717605307999
B2_t32,0.000786195265648686
B3_t32,0.0006833536151501406
B4_t32,0.0007582005418018292
B5_t32,0.0007737083107742511
B6_t32,0.0007229571592044189
B7_t32,0.0007040823454179584
B8_t32,0.0004978793847805492
B8A_t32,0.000614848903579287
B11_t32,0.000597185171607641
B12_t32,0.0005838294398679695
B2_t33,0.0011381014002983486
B3_t33,0.003251897492408964
B4_t33,0.00464641696418437
B5_t33,0.0027574691176807374
B6_t33,0.0031500293010559587
B7_t33,0.003593254310124018
B8_t33,0.002975071070902276
B8A_t33,0.0034452344107156517
B11_t33,0.004175343482059297
B12_t33,0.003816586428555852
B2_t34,0.003240031381266842
B3_t34,0.00592097570197595
B4_t34,0.006364006377636155
B5_t34,0.005883049271700428
B6_t34,0.0028524679064825436
B7_t34,0.0032093345016045768
B8_t34,0.0016290843804511656
B8A_t34,0.002115611315989206
B11_t34,0.0026352600112256497
B12_t34,0.0020432647129615743
B2_t35,0.0010348094256818494
B3_t35,0.0010411102322442204
B4_t35,0.0021108252360317343
B5_t35,0.0015586358737186487
B6_t35,0.001382604949273363
B7_t35,0.0010441890811899704
B8_t35,0.001130631763312011
B8A_t35,0.0011226625008432338
B11_t35,0.001995504710814801
B12_t35,0.0023252851080008633
B2_t36,0.000499929628625313
B3_t36,0.0005391645186086962
B4_t36,0.0006816160828674256
B5_t36,0.0006197182784957343
B6_t36,0.0004956965781960426
B7_t36,0.00044688565948540807
B8_t36,0.00043085557143971906
B8A_t36,0.0006589098719324202
B11_t36,0.0006681751631065084
B12_t36,0.0006155687377818763
B2_t37,0.004926477671056279
B3_t37,0.004381749533363118
B4_t37,0.003719700816428155
B5_t37,0.004844601770446584
B6_t37,0.007900293003266893
B7_t37,0.003156410105466511
B8_t37,0.0034021747130804853
B8A_t37,0.004346815556337672
B11_t37,0.002855192740404701
B12_t37,0.0020429946609623797
B2_t38,0.0011335309849056956
B3_t38,0.0029621036744005226
B4_t38,0.001966813477808128
B5_t38,0.00265051469166811
B6_t38,0.005264377212768769
B7_t38,0.0019063819062023106
B8_t38,0.0017363062427753928
B8A_t38,0.0017363826746782534
B11_t38,0.0015558055274077624
B12_t38,0.0013404336421813678
B2_t39,0.0009385495936557326
B3_t39,0.0019349591357684078
B4_t39,0.0009813459935773922
B5_t39,0.003515841230516153
B6_t39,0.005748066567747155
B7_t39,0.0015042773902844103
B8_t39,0.00138412447536429
B8A_t39,0.0020471908267640014
B11_t39,0.0009422436476788361
B12_t39,0.00144216402519574
B2_t40,0.0004133497833537237
B3_t40,0.000535838360007755
B4_t40,0.00038398582145376817
B5_t40,0.0007020487270972246
B6_t40,0.0005418725493315899
B7_t40,0.0004620862561700491
B8_t40,0.0005387104709104266
B8A_t40,0.0005614451521656617
B11_t40,0.000519780273811406
B12_t40,0.0005345023902446907
B2_t41,0.0017179818892768034
B3_t41,0.0012249347637656011
B4_t41,0.0018651062371588967
B5_t41,0.0036068157525963197
B6_t41,0.0017202542225711363
B7_t41,0.001817614831702436
B8_t41,0.001596867891113438
B8A_t41,0.0018082406413577321
B11_t41,0.0025269756036188124
B12_t41,0.002125759495031781
B2_t42,0.0010596968652056922
B3_t42,0.0012340597974726556
B4_t42,0.002015066030109303
B5_t42,0.0027388140145367308
B6_t42,0.001058471123116297
B7_t42,0.0012755052434936024
B8_t42,0.000982273545469858
B8A_t42,0.0010568384872849121
B11_t42,0.0015901875781886357
B12_t42,0.0015888084474927461
B2_t43,0.0009374110166084361
B3_t43,0.0010229384846814427
B4_t43,0.0023368472557281006
B5_t43,0.0028983579347130143
B6_t43,0.0005379562987692214
B7_t43,0.0004827252230542852
B8_t43,0.0004394912774641973
B8A_t43,0.0006331579567057535
B11_t43,0.0017323919423681195
B12_t43,0.0016411539957998553
B2_t44,0.0006496518504470151
B3_t44,0.000587032010856251
B4_t44,0.0006671728978994915
B5_t44,0.0010990191094036284
B6_t44,0.0008516892994335172
B7_t44,0.0011259008923390735
B8_t44,0.0007466286893400555
B8A_t44,0.0009263043314711211
B11_t44,0.0009422466954196333
B12_t44,0.0008832176546261433
B2_t45,0.0009883569387487087
B3_t45,0.0005948227823336021
B4_t45,0.0007303950218249246
B5_t45,0.0006287946684225767
B6_t45,0.0007248067769768514
B7_t45,0.0007594756099442607
B8_t45,0.0006603811674934884
B8A_t45,0.0007290239174138229
B11_t45,0.0006543713556253293
B12_t45,0.0005848664264399865
NDVI_t00,0.0007414709824358417
NDVI_t01,0.0012431837083081067
NDVI_t02,0.0015767053385368685
NDVI_t03,0.00014344770903418748
NDVI_t04,0.001533078371809189
NDVI_t05,0.002257208173067721
NDVI_t06,9.905083398982141e-05
NDVI_t07,0.0004796840316832454
NDVI_t08,0.0006289323717268673
NDVI_t09,0.0007466639809168359
NDVI_t10,0.000592875396544425
NDVI_t11,0.0008607425366818386
NDVI_t12,0.0006332651291311788
NDVI_t13,0.0009319964033531148
NDVI_t14,0.0011949355617465
NDVI_t15,0.0005532013475629308
NDVI_t16,0.0011117277161593903
NDVI_t17,0.0008199765343028371
NDVI_t18,0.0028822828264846567
NDVI_t19,0.0021880305429013325
NDVI_t20,0.0005173521739756248
NDVI_t21,0.0029974454520853523
NDVI_t22,0.0009215851714646838
NDVI_t23,0.005700640660481862
NDVI_t24,0.006388722735655728
NDVI_t25,0.007832598188072144
NDVI_t26,0.0006741694070435276
NDVI_t27,0.001412385255153651
NDVI_t28,0.0075930778222547055
NDVI_t29,0.003066722867305045
NDVI_t30,0.0020958309667721054
NDVI_t31,0.004964786819484327
NDVI_t32,0.0007130540225855962
NDVI_t33,0.005069882960110651
NDVI_t34,0.004217263148374461
NDVI_t35,0.0038158232927287296
NDVI_t36,0.00029590877599420346
NDVI_t37,0.006159704241813644
NDVI_t38,0.0023242464840686847
NDVI_t39,0.0010509140866730724
NDVI_t40,0.00037451221481994706
NDVI_t41,0.0017018239910817567
NDVI_t42,0.0016654122149799733
NDVI_t43,0.002389279701118933
NDVI_t44,0.0006705941345134862
NDVI_t45,0.0009465848067618249
NDMI_t00,0.0006067150360137173
NDMI_t01,0.0004911171373621163
NDMI_t02,0.0006005740579761379
NDMI_t03,0.0005568472738700598
NDMI_t04,0.0012641555147954084
NDMI_t05,0.001367440733969964
NDMI_t06,0.000775473148658825
NDMI_t07,0.0005725273592852647
NDMI_t08,0.0006489154601787107
NDMI_t09,0.0004791017841218329
NDMI_t10,0.00046236041773550627
NDMI_t11,0.0022956027317901084
NDMI_t12,0.0006119976262835934
NDMI_t13,0.0004962736282844778
NDMI_t14,0.0006466541678995756
NDMI_t15,0.0006643401291572402
NDMI_t16,0.0009028952433108126
NDMI_t17,0.0010709877331247406
NDMI_t18,0.002836635355336035
NDMI_t19,0.0023442344320578146
NDMI_t20,0.0005722663399173865
NDMI_t21,0.0026311266973558177
NDMI_t22,0.0005001906365590014
NDMI_t23,0.005893481442478889
NDMI_t24,0.007447937381295564
NDMI_t25,0.007580038126820384
NDMI_t26,0.0007551434912076788
NDMI_t27,0.0006706713597299478
NDMI_t28,0.0067310171751211656
NDMI_t29,0.002106796248937801
NDMI_t30,0.0015460669454358772
NDMI_t31,0.0016073780387674504
NDMI_t32,0.00041936391970716954
NDMI_t33,0.0020541192083611943
NDMI_t34,0.001536662465284075
NDMI_t35,0.003240308778755199
NDMI_t36,0.0004668269546035946
NDMI_t37,0.0019962372230617285
NDMI_t38,0.0019970224432183364
NDMI_t39,0.0012699288173569799
NDMI_t40,0.0006244383103477296
NDMI_t41,0.002282239594450099
NDMI_t42,0.0011243538523786113
NDMI_t43,0.00090100258898677
NDMI_t44,0.00048639515722038914
NDMI_t45,0.0005031080767546129
