patch_id,n_obs,n_bands,height,width,s2_dtype,s2_min,s2_max,target_shape,target_dtype
30003,46,10,128,128,int16,-105,14924,"(1, 128, 128)",uint8
30013,46,10,128,128,int16,0,12586,"(1, 128, 128)",uint8
30014,46,10,128,128,int16,-363,12574,"(1, 128, 128)",uint8
30023,46,10,128,128,int16,-175,11742,"(1, 128, 128)",uint8
30026,46,10,128,128,int16,-320,12264,"(1, 128, 128)",uint8
30033,46,10,128,128,int16,-115,10874,"(1, 128, 128)",uint8
30048,46,10,128,128,int16,-10,11605,"(1, 128, 128)",uint8
30052,46,10,128,128,int16,0,10885,"(1, 128, 128)",uint8
30057,46,10,128,128,int16,-157,12069,"(1, 128, 128)",uint8
30059,46,10,128,128,int16,-343,14667,"(1, 128, 128)",uint8
30062,46,10,128,128,int16,-601,12612,"(1, 128, 128)",uint8
30066,46,10,128,128,int16,-316,15553,"(1, 128, 128)",uint8
30078,46,10,128,128,int16,-242,13256,"(1, 128, 128)",uint8
30084,46,10,128,128,int16,-311,13550,"(1, 128, 128)",uint8
30087,46,10,128,128,int16,-213,11020,"(1, 128, 128)",uint8
30091,46,10,128,128,int16,0,12918,"(1, 128, 128)",uint8
30109,46,10,128,128,int16,-119,14843,"(1, 128, 128)",uint8
30115,46,10,128,128,int16,0,12668,"(1, 128, 128)",uint8
30122,46,10,128,128,int16,-65,12090,"(1, 128, 128)",uint8
30123,46,10,128,128,int16,-314,13861,"(1, 128, 128)",uint8
30129,46,10,128,128,int16,-116,12245,"(1, 128, 128)",uint8
30140,46,10,128,128,int16,-357,12827,"(1, 128, 128)",uint8
30146,46,10,128,128,int16,-272,11636,"(1, 128, 128)",uint8
30151,46,10,128,128,int16,0,14704,"(1, 128, 128)",uint8
30152,46,10,128,128,int16,-534,14060,"(1, 128, 128)",uint8
30165,46,10,128,128,int16,-144,14389,"(1, 128, 128)",uint8
30173,46,10,128,128,int16,0,11821,"(1, 128, 128)",uint8
30175,46,10,128,128,int16,0,12009,"(1, 128, 128)",uint8
30178,46,10,128,128,int16,0,12398,"(1, 128, 128)",uint8
30182,46,10,128,128,int16,-142,10610,"(1, 128, 128)",uint8
30187,46,10,128,128,int16,0,11956,"(1, 128, 128)",uint8
30193,46,10,128,128,int16,-118,11984,"(1, 128, 128)",uint8
30204,46,10,128,128,int16,-299,13811,"(1, 128, 128)",uint8
30209,46,10,128,128,int16,-258,12827,"(1, 128, 128)",uint8
30216,46,10,128,128,int16,-305,14835,"(1, 128, 128)",uint8
30227,46,10,128,128,int16,-239,12016,"(1, 128, 128)",uint8
30241,46,10,128,128,int16,-81,13579,"(1, 128, 128)",uint8
30244,46,10,128,128,int16,-400,15880,"(1, 128, 128)",uint8
30255,46,10,128,128,int16,-194,14594,"(1, 128, 128)",uint8
30256,46,10,128,128,int16,0,9713,"(1, 128, 128)",uint8
30260,46,10,128,128,int16,-133,12505,"(1, 128, 128)",uint8
30264,46,10,128,128,int16,-200,14032,"(1, 128, 128)",uint8
30265,46,10,128,128,int16,-38,12427,"(1, 128, 128)",uint8
30273,46,10,128,128,int16,-215,13890,"(1, 128, 128)",uint8
30274,46,10,128,128,int16,-259,15149,"(1, 128, 128)",uint8
30275,46,10,128,128,int16,-152,15946,"(1, 128, 128)",uint8
30283,46,10,128,128,int16,0,14110,"(1, 128, 128)",uint8
30297,46,10,128,128,int16,-102,12612,"(1, 128, 128)",uint8
30302,46,10,128,128,int16,-87,13978,"(1, 128, 128)",uint8
30323,46,10,128,128,int16,-213,12908,"(1, 128, 128)",uint8
30328,46,10,128,128,int16,-98,11786,"(1, 128, 128)",uint8
30329,46,10,128,128,int16,0,10266,"(1, 128, 128)",uint8
30333,46,10,128,128,int16,-187,11429,"(1, 128, 128)",uint8
30335,46,10,128,128,int16,-202,11286,"(1, 128, 128)",uint8
30359,46,10,128,128,int16,0,11871,"(1, 128, 128)",uint8
30361,46,10,128,128,int16,-199,12725,"(1, 128, 128)",uint8
30362,46,10,128,128,int16,-197,13142,"(1, 128, 128)",uint8
30368,46,10,128,128,int16,-417,12436,"(1, 128, 128)",uint8
30371,46,10,128,128,int16,0,12022,"(1, 128, 128)",uint8
30381,46,10,128,128,int16,0,10394,"(1, 128, 128)",uint8
30383,46,10,128,128,int16,-214,12676,"(1, 128, 128)",uint8
30407,46,10,128,128,int16,-290,12378,"(1, 128, 128)",uint8
30410,46,10,128,128,int16,-224,11614,"(1, 128, 128)",uint8
30417,46,10,128,128,int16,-237,11494,"(1, 128, 128)",uint8
30418,46,10,128,128,int16,-339,12017,"(1, 128, 128)",uint8
30422,46,10,128,128,int16,-88,13002,"(1, 128, 128)",uint8
30425,46,10,128,128,int16,-204,14535,"(1, 128, 128)",uint8
30436,46,10,128,128,int16,-56,13159,"(1, 128, 128)",uint8
30438,46,10,128,128,int16,-260,11106,"(1, 128, 128)",uint8
30452,46,10,128,128,int16,0,13395,"(1, 128, 128)",uint8
30459,46,10,128,128,int16,-329,12008,"(1, 128, 128)",uint8
30464,46,10,128,128,int16,-197,10432,"(1, 128, 128)",uint8
30477,46,10,128,128,int16,0,12882,"(1, 128, 128)",uint8
30495,46,10,128,128,int16,0,12950,"(1, 128, 128)",uint8
30503,46,10,128,128,int16,0,12367,"(1, 128, 128)",uint8
30527,46,10,128,128,int16,0,9906,"(1, 128, 128)",uint8
30542,46,10,128,128,int16,-499,11752,"(1, 128, 128)",uint8
30545,46,10,128,128,int16,0,20716,"(1, 128, 128)",uint8
30549,46,10,128,128,int16,-410,11834,"(1, 128, 128)",uint8
30558,46,10,128,128,int16,0,13766,"(1, 128, 128)",uint8
30569,46,10,128,128,int16,-224,14309,"(1, 128, 128)",uint8
30570,46,10,128,128,int16,-120,11619,"(1, 128, 128)",uint8
30583,46,10,128,128,int16,0,13888,"(1, 128, 128)",uint8
30586,46,10,128,128,int16,-257,13321,"(1, 128, 128)",uint8
30595,46,10,128,128,int16,0,13118,"(1, 128, 128)",uint8
30599,46,10,128,128,int16,-288,11447,"(1, 128, 128)",uint8
30602,46,10,128,128,int16,0,10869,"(1, 128, 128)",uint8
30608,46,10,128,128,int16,0,12489,"(1, 128, 128)",uint8
30612,46,10,128,128,int16,-255,13446,"(1, 128, 128)",uint8
30621,46,10,128,128,int16,-41,13012,"(1, 128, 128)",uint8
30638,46,10,128,128,int16,-238,13496,"(1, 128, 128)",uint8
30641,46,10,128,128,int16,-218,13162,"(1, 128, 128)",uint8
30652,46,10,128,128,int16,-341,15502,"(1, 128, 128)",uint8
30657,46,10,128,128,int16,0,14196,"(1, 128, 128)",uint8
30662,46,10,128,128,int16,-11,11202,"(1, 128, 128)",uint8
30672,46,10,128,128,int16,-45,13488,"(1, 128, 128)",uint8
30688,46,10,128,128,int16,0,12413,"(1, 128, 128)",uint8
30689,46,10,128,128,int16,-202,12929,"(1, 128, 128)",uint8
30694,46,10,128,128,int16,-90,16610,"(1, 128, 128)",uint8
30705,46,10,128,128,int16,-270,15605,"(1, 128, 128)",uint8
30726,46,10,128,128,int16,-448,13790,"(1, 128, 128)",uint8
30732,46,10,128,128,int16,-159,13114,"(1, 128, 128)",uint8
